<?xml version="1.0" encoding="UTF-8"?>
<project-private xmlns="http://www.netbeans.org/ns/project-private/1">
    <editor-bookmarks xmlns="http://www.netbeans.org/ns/editor-bookmarks/2" lastBookmarkId="0"/>
    <open-files xmlns="http://www.netbeans.org/ns/projectui-open-files/2">
        <group>
            <file>file:/Users/enzooliveira/NetBeansProjects/Aula13_Ex3_e_4/src/aula13_ex3_e_4/Aula13_Ex3_e_4.java</file>
            <file>file:/Users/enzooliveira/NetBeansProjects/Aula13_Ex3_e_4/src/aula13_ex3_e_4/Tela.java</file>
        </group>
    </open-files>
</project-private>
